"Text","Sentiment"
"Denny Indrayana mengungkap ada gerakan serius untuk menunda Pemilu 2024. https://t.co/8a947G7fxc","Negatif"
"AHY: Pemilu 2024 Tidak Fair Kalau Demokrat Berhasil Dirampas
https://t.co/J0uteh8zvm","Negatif"
"Kalau ada sentimen Asal Bukan Merah dalam Pemilu 2024, Hasto paling bersalah. Pernyataan-pernyataannya telah membentuk kesan PDIP partai yang sombong dan tak butuh partai lain. Sikap beda Puan Maharani terlambat dan tak cukup untuk menghapus kesan PDIP partai yang sombong ini. https://t.co/4IBXyggTEH","Negatif"
"Pancasila bekal hadapi Pemilu 2024

#PemiluSerentak2024 #SongHyeKyo FOREVER WITH LALISA LIKE IT LIKE IT namjoon #Jisoo Hybe #CHAEUNWOO #Gempa BTS BTS BTS Going Seventeen Golden Buzzer Arhan Tasyi https://t.co/5AyLjcXspf","Positif"
"Bupati banjar ingatkan netralitas ASN di Pemilu dan Pilkada 2024

#PemiluSerentak2024 #SongHyeKyo FOREVER WITH LALISA LIKE IT LIKE IT namjoon #Jisoo Hybe #CHAEUNWOO #Gempa BTS BTS BTS Going Seventeen Golden Buzzer Arhan Tasyi https://t.co/ZRDo1omxTB","Positif"
"Jelang Pesta Demokrasi Pemilu 2024, Ketua MPR Ingatkan Hal Penting!

https://t.co/oL5jtec5FN

#bamsoet #PemiluSerentak2024 #PemiluIndonesia #Pemilu2024damai #pemilu #bambangsoesatyo #bamsoet #mantiktv https://t.co/wPtmLjocPy","Positif"
"Agustus Bulan Keramat, Sinyal PDIP Bakal Umumkan Bacawapres Ganjar di Pemilu 2024 ? https://t.co/K8eP1NzYgj","Positif"
"Ganjar menyasar suara pemilih Milenial dan Gen Z padak Pemilu 2024. Dia mengungkapkan metode untuk menggandeng kalangan muda harus mengutamakan pendekatan serta dialog.  #NKRIBangkitBersamaGanjar #Gempa Gempa Full Video Putri Ariani Kerasa Kenceng Inter Miami Tasyi https://t.co/kkkjLtPRv4","Positif"
"RT @KPU_ID: #TemanPemilih, kamu perlu tau, inilah Rekapitulasi Data Pengajuan Bakal Calon Anggota DPR RI oleh Partai Politik Peserta Pemilu…","Positif"
"RT @YudiSet16452924: SUASANA MENJELANG PEMILU 2024 MULAI MEMANAS, AHLI HUKUM TATANEGARA DENY INDRAYANA MANTAN WAMENKUMHAM MENULIS SURAT TER…","Negatif"
"RT @RizkiR4madani: Bapak @ganjarpranowo bakal menang Pilpres 2024 dlm satu putaran. Menurut Said,  maka bisa menghemat Anggaran Pendapatan…","Positif"
"RT @Kanjeng2022: WASPADA KEBANGKITAN NEO ORDE BARU.

TITIK SOEHARTO JADI CALON ANGGOTA LEGISLATIF PARTAI GERINDRA, PRABOWO JADI BAKAL CAPRE…","Negatif"
"RT @TajukPolitik: Din Syamsuddin Sayangkan Sikap Jokowi yang Diam saat Moeldoko Berupaya Merusak Demokrasi
https://t.co/ssc6flBuzS","Negatif"
"#TemanPemilih, ayo pastikan anda sudah terdaftar dalam Daftar Pemilih Pemilu 2024 dengan cara cek DPT Online pada laman https://t.co/mq1ZMJ6t9O
 
 Pastikan sekarang juga yaaa....!!!
 
 #KPUMelayani
 #PemiluSerentak2024 https://t.co/DAFKRrlFth","Positif"
"Sekber KIB Inginkan Anies-AHY, Bukan yg lain

#KIBDukungAniesAHY

https://t.co/gA0LsipFEt
#DemokratJatengS14P
_.","Positif"
"Ganjar ajak PPP sasar suara milenial dan Gen Z di pemilu 2024.

#NKRIBangkitBersamaGanjar https://t.co/URYafY5VSQ","Positif"
"RT @MichelAdam9191: 'Cawe2 presiden dalam pemilu 2024' itu:

1. Melanggar TAP MPR NO. VI Tahun 2021 tentang etika.
2. Melanggar Sumpah pres…","Negatif"
"Anggota KPU Kota Tarakan Divisi Teknis Penyelenggaraan M. Taufik Akbar, S.Pd. & Kasubbag serta Staf melakukan Koordinasi & Silaturahmi dengan PERUMDA Agro Bisnis Mandiri terkait Tahapan Pencalonan Bakal Calon Anggota DPRD Kota Tarakan pada Pemilu 2024. https://t.co/4lwRqK8Gas","Positif"
"Jaga pemilu 2024 bebas dr intervensi, intimidasi, & kecurangan. AHY memimpin perubahan utk itu.

#KIBDukungAniesAHY

https://t.co/qeacBSut8L
#DemokratJatengS14P
_.","Positif"
"RT @emerson_yuntho: Polling Independen. Bukan Pesanan. Jika besok adalah Hari H Pemilu 2024, Siapakah Calon Presiden yang g kamu pilih? #Pi…","Positif"
"RT @bianca01403: 'Cawe2 presiden dalam pemilu 2024' itu:
1. Melanggar TAP MPR NO. VI Tahun 2021 tentang etika.
2. Melanggar Sumpah presiden…","Negatif"
"RT @Im00568047: Cawe cawe Presiden pd pemilu 2024 tergolong inkonstituaional (bukan dlm tugas dan kewenangan presiden) & perbuatan yg terce…","Negatif"
"Bupati banjar ingatkan netralitas ASN di pemilu dan pilkada 2024

#PemiluSerentak2024
#Pemilu2024SesuaiTahapan
#TolakPenundaanPemilu
#AntiPolitikIdentitas
#TolakPolitikMasjid
#Pancasila
#Pemilu2024
#Pilpres2024
#Capres2024
#KPU
#Bawaslu
#IndonesiaMaju https://t.co/u9YXA98G4R","Positif"
"RT @detikcom: LSI Denny JA merilis survei jika Anies gagal berlaga sebagai capres di Pilpres 2024. Berdasarkan hasil survei, Prabowo dinila…","Positif"
"Ketua KPU mengajak seluruh masyarakat untuk berpartisipasi aktif menjaga kedamaian dalam konidisi Pemilu 2024
#PemiluSerentak2024
#Pemilu2024SesuaiTahapan
#TolakPenundaanPemilu
#AntiPolitikIdentitas
#TolakPolitikMasjid
#Pancasila
#Pemilu2024
#Pilpres2024
#Capres2024
#KPU
#Bawaslu https://t.co/qpcS7w29hE","Positif"
"RT @golkarpedia: Yanti Airlangga: Istri Kader Partai Golkar Berperan Penting Wujudkan Kemenangan Di Pemilu 2024
#airlanggahartarto #airlang…","Positif"
"RT @MichelAdam9191: 'Cawe2 presiden dalam pemilu 2024' itu:

1. Melanggar TAP MPR NO. VI Tahun 2021 tentang etika.
2. Melanggar Sumpah pres…","Negatif"
"Gerindra Sarankan MK Umumkan Putusannya setelah 2024 jika Sistem Pemilu Proporsional Tertutup https://t.co/725MnOwnyF","Positif"
"RT @LANGKAHANIES: Ikrar Relawan @aniesbaswedan
1. Bertekad memenangkan Anies Baswedan Presiden 2024
2. Bersikap santun, cerdas, tidak sebar…","Positif"
"Pernyataan Presiden Joko Widodo soal cawe-cawe Pemilu 2024 berujung gaduh. Jokowi mengaku, cawe-cawe yang dia maksud adalah untuk bangsa dan negara. Namun menurut Peneliti Pusat Riset Politik BRIN, Aisah Putri, cawe-cawe ini ada batasannya, baik scara aturan ataupun etika politik https://t.co/Ho81IAc0S4","Positif"
"RT @MichelAdam9191: 'Cawe2 presiden dalam pemilu 2024' itu:

1. Melanggar TAP MPR NO. VI Tahun 2021 tentang etika.
2. Melanggar Sumpah pres…","Negatif"
"#TemanPemilih, kamu perlu tau, inilah Rekapitulasi Data Pengajuan Bakal Calon Anggota DPR RI oleh Partai Politik Peserta Pemilu Tahun 2024,Jangan Lupa Cek DPT Onlinemu bisa di lihat linknya disini
https://t.co/sUf3TIH4it

#KPUMelayani
#PemiluSerentak2024 https://t.co/lunciFsAxe","Positif"
"RT @MichelAdam9191: 'Cawe2 presiden dalam pemilu 2024' itu:

1. Melanggar TAP MPR NO. VI Tahun 2021 tentang etika.
2. Melanggar Sumpah pres…","Negatif"
"https://t.co/olpnrSj5ci 11.05
Pangdam V/Brawijaya meminta kepada seluruh anggotanya untuk tetap Netral pada pelaksanaan Pemilu tahun 2024 mendatang. (Zyd)
https://t.co/OFrLKby0rn","Positif"
"RT @golkarpedia: Yanti Airlangga: Istri Kader Partai Golkar Berperan Penting Wujudkan Kemenangan Di Pemilu 2024
#airlanggahartarto #airlang…","Positif"
"RT @MichelAdam9191: 'Cawe2 presiden dalam pemilu 2024' itu:

1. Melanggar TAP MPR NO. VI Tahun 2021 tentang etika.
2. Melanggar Sumpah pres…","Negatif"
"RT @golkarpedia: Yanti Airlangga: Istri Kader Partai Golkar Berperan Penting Wujudkan Kemenangan Di Pemilu 2024
#airlanggahartarto #airlang…","Positif"
"@3lzh4s KPU dan Bawaslu membutuhkan dukungan kita untuk menjamin Pemilu 2024 berjalan dengan baik dan lancar. #PolitikIdentitas","Positif"
"@3lzh4s Jangan biarkan provokasi politik menghancurkan persatuan dan kesatuan bangsa kita di Pemilu 2024. #PemiluIndonesia","Positif"
"RT @MichelAdam9191: 'Cawe2 presiden dalam pemilu 2024' itu:

1. Melanggar TAP MPR NO. VI Tahun 2021 tentang etika.
2. Melanggar Sumpah pres…","Negatif"
"@3lzh4s KPU dan Bawaslu merupakan garda terdepan dalam mengawal Pemilu 2024 mari kita dukung mereka. #PolitikIdentitas","Positif"
"@3lzh4s Kesuksesan pelaksanaan Pemilu 2024 merupakan tanggungjawab bersama #Ganjar","Positif"
"RT @bianca01403: 'Cawe2 presiden dalam pemilu 2024' itu:
1. Melanggar TAP MPR NO. VI Tahun 2021 tentang etika.
2. Melanggar Sumpah presiden…","Negatif"
"AHY Minta Demokat Wilayah Papua Selatan Tetap Solid Menang di Pemilu 2024.

#KIBDukungAniesAHY

https://t.co/ILEnbH5jAP
#DemokratJatengS14P
_.","Positif"
"Jawa Timur, https://t.co/wKgHpxyppM - Kepala Dinas Komunikasi dan Informatika (Kadis Kominfo) Jatim, Sherlita Ratna Dewi Agustin menyambut baik dan berterimkasikasih kepada Asesor SDM Aparatur Ahli Utama,Anom Surahno atas masukkannya  tentang peran

https://t.co/tKI0fwPTIi https://t.co/NWB1SIckpy","Positif"
"RT @pps_mutihkulon: Kamis(1/6)
Undangan Rapat Pleno Terbuka Rekapitulasi DPSHP Tahap Akhir  tingkat Desa Mutih Kulon pada Pemilu 2024 

#pe…","Positif"
"Relawan 'Kuning Ijo Biru' dukung AHY jadi cawapres Anies di pilpres 2024..

#KIBDukungAniesAHY
https://t.co/EOUfLWbGtN","Positif"
"RT @ajengcute16__: Lawan Upaya Pembegalan Moeldoko, Demokrat Riau Konvoi Seribu Motor Menuju Jakarta 

 https://t.co/YUY4Lsonu7","Positif"
"Sekber KIB Inginkan Anies-AHY, Bukan yg lain

#KIBDukungAniesAHY

https://t.co/gA0LsipFEt
#DemokratJatengS14P
_.","Positif"
"Koalisi Perubahan untuk Persatuan (KPP) dinilai telat panaskan mesin politik menuju Pemilu 2024. Tidak menunjukkan taring sebagai oposisi ke pemerintah. Tunggu apa sih? #Pemilu2024damai #Pilpres2024   https://t.co/m2aTI0DLeR","Negatif"
"Di Bawah Komando AHY, Demokrat Bergerak Menuju Kemenangan Pemilu 2024

#KIBDukungAniesAHY

https://t.co/N0OKvtOiT3
#DemokratJatengS14P
_.","Positif"
"Elektabilitas Demokrat Naik, Alasan AHY Masuk Bursa Bacawapres Ganjar di Pemilu 2024 https://t.co/siqgW2Mm06","Positif"
"@3lzh4s Tidak ada alasan untuk menunda pemilu 2024. Mari dukung keberlangsungan demokrasi kita. #P","Positif"
"@3lzh4s Pemilu 2024 akan tetap berjalan sesuai jadwal untuk menjamin kestabilan politik dan ekonomi Indonesia. #GanjarPranowo2024","Positif"
"@3lzh4s Ayo bersama ciptakan Pemilu 2024 damai dan aman #PemiluIndonesia","Positif"
"#TemanPemilih,  Yuk simak Jadwal Sosialisasi dan Pendidikan Pemilih Kirab Pemilu 2024  di hari Kamis, 8 Juni 2023. Ayo Sukseskan Pemilu Serentak 2024.

#KPUMelayani
#PemiluSerentak2024 https://t.co/HIAsVy9ubi","Positif"
"RT @MichelAdam9191: 'Cawe2 presiden dalam pemilu 2024' itu:

1. Melanggar TAP MPR NO. VI Tahun 2021 tentang etika.
2. Melanggar Sumpah pres…","Negatif"
"RT @emerson_yuntho: Polling Independen. Bukan Pesanan. Jika besok adalah Hari H Pemilu 2024, Siapakah Calon Presiden yang g kamu pilih? #Pi…","Netral"
"PANCASILA telah diperkenalkan pertama kali oleh Ir. Soekarno pada tanggal 1 Juni 1945 dalam ruang sidang Badan Penyelidik Usaha-usaha Persiapan Kemerdekaan Indonesia (BPUPKI). https://t.co/vCoc3ZfWes","Positif"
"RT @yudiyudot99: Ketar-ketir berhadapan dengan kekuatan elit gak sportif  yg menghalalkan berbagai macam cara ?

AHY: 
Pemilu 2024 Tidak Fa…","Negatif"
"Repost @kpu_ri
#TemanPemilih, kamu perlu tau, inilah Rekapitulasi Data Pengajuan Bakal Calon Anggota DPR RI oleh Partai Politik Peserta Pemilu Tahun 2024
#KPUMelayani
#PemiluSerentak2024 https://t.co/wHFj8ch5dj","Positif"
"Ketar-ketir berhadapan dengan kekuatan elit gak sportif  yg menghalalkan berbagai macam cara ?

AHY: 
Pemilu 2024 Tidak Fair Kalau Demokrat Berhasil Dirampas 

https://t.co/FtXyIuGXrW","Negatif"
"Yanti Airlangga: Istri Kader Partai Golkar Berperan Penting Wujudkan Kemenangan Di Pemilu 2024
#airlanggahartarto #airlanggapemersatu #airlanggauntukindonesia #partaigolkar #golkarpedia #golkarsolid #AirlanggaPresiden
https://t.co/ydQz2LN3yC","Positif"
"RT @ajengcute16__: Pak Jokowi Diam berarti?

Din Syamsuddin Sayangkan Sikap Jokowi yang Diam saat Moeldoko Berupaya Merusak Demokrasi 

htt…","Negatif"
"RT @ajengcute16__: Denny Indrayana Kembali Kuliti Cawe-Cawe Jokowi Cegah Anies Menang 

 https://t.co/vR1SLgPo1m","Negatif"
"RT @MichelAdam9191: 'Cawe2 presiden dalam pemilu 2024' itu:

1. Melanggar TAP MPR NO. VI Tahun 2021 tentang etika.
2. Melanggar Sumpah pres…","Negatif"
"Kepala Kejaksaan Negeri Ponorogo Bpk. Rindang Onasis, S.H menerima Audiensi KPU Kabupaten Ponorogo. Audiensi ini selain menjadi momen silaturahmi juga untuk koordinasi terkait pelaksanaan tahapan Pemilu 2024 khususnya di wilayah Kabupaten Ponorogo. https://t.co/ZoyRSmzXXJ","Positif"
"RT @otnayram_me: Sejumlah warga Indonesia yang tergabung dalam Relawan Ganjar Prancis (GP) mendeklarasikan dukungan terhadap Ganjar Pranowo…","Positif"
"RT @dennyindrayana: https://t.co/425kqkwhwQ

????. ??????, ?????? ????????, ??? ???? ?? ? ???????

Mau tahu 'bocoran' obrolan saya dengan P…","Negatif"
"Ampuh dan Terbukti, Cobalah 7 Strategi Ini Agar Caleg Lolos Pemilu 2024 https://t.co/iVpfkjD79L lewat @semarak.co","Positif"
"RT @Marbot_Udien: Pernyataan Megawati ini menjawab pertanyaan mengenai apakah ia menegur  Jokowi perihal cawe-cawe dalam Pemilu 2024. Saat…","Netral"
"Pemkab Bekasi siap memberikan dukungan dalam menyukseskan pelaksanaan Pemilu Serentak pada tahun 2024 mendatang. Hal itu dikatakan Pj. Bupati Bekasi, @daniramdan0112 saat memimpin Rapat Koordinasi Persiapan Pemilu Serentak dan Isu Strategis Lainnya Tingkat Kabupaten Bekasi.. https://t.co/rf5bB2BxhW","Positif"
"RT @Beritasatu: Jokowi Siap Cawe-cawe untuk Cegah Riak Pemilu 2024 yang Bahayakan Negara https://t.co/zug6Ga6d41","Positif"
"Pernyataan Megawati ini menjawab pertanyaan mengenai apakah ia menegur  Jokowi perihal cawe-cawe dalam Pemilu 2024. Saat bertemu para pemimpin  media massa & pegiat media sosial, Jokowi menyampaikan bahwa ia harus  ikut cawe-cawe pada Pemilu 2024 demi kepentingan bangsa & negara. https://t.co/bPtvyiAjlT","Netral"
"@Gus_Raharjo Salah satu alasan jokowi membuat koalisi besar dipemerintahannya adalah krn dia berpikir neg ini tdk bisa dibangun oleh 1 atau 2 partai saja..dan ia menginginkan koalisi besar ini tetap berlanjut di pemilu 2024 (cawe cawe)...paham ya","Positif"
"RT @Naz_lira: Ditengah banyaknya spekulasi dan tudingan terhadap pak @mohmahfudmd, saya termasuk orang yang masih percaya, bahwa tinggal pa…","Positif"
"Menurut survei Indikator, Prabowo, Ganjar, dan Anies merupakan kandidat calon presiden (capres) Pemilu 2024 dengan elektabilitas terbesar. #PrabowoUntukIndonesia #NeruskePakdhe Prabowo Subianto","Positif"
"Jakarta Lembaga Surabaya Research Syndicate (SRS) merilis hasil penelitiannya, yang salah satunya memantau elektabilitas tokoh yang disebut akan maju di Pemilu 2024 sebagai calon presiden (capres). #PrabowoUntukIndonesia #NeruskePakdhe Prabowo Subianto15","Netral"
"Mari kita jaga Penyelenggaraan Pemilu 2024 agar berjalan aman damai. Oleh karena itu, mari kita jaga netralitas ASN sebagai tenaga pemerintah profesional.
#ASNNetral, #jagapersatuan,
#SukseskanPemilu2024 https://t.co/zGfZIOTdfw","Positif"
"Jika berhasil merebut perhatian para pemilih muda, lanjut Kunto, terbuka peluang buat Prabowo menang mengingat jumlah pemilih muda pada Pemilu 2024 sangat besar.
#PrabowoUntukIndonesia #NeruskePakdhe Prabowo Subianto","Positif"
"Analis komunikasi politik dari Universitas Padjadjaran Kunto Adi Wibowo menilai, bakal calon presiden (capres) dari Partai Gerindra Prabowo Subianto mencoba bermain di “garis tengah” pada Pemilu 2024.
#PrabowoUntukIndonesia #NeruskePakdhe Prabowo Subianto","Positif"
"RT @dennyindrayana: https://t.co/425kqkwhwQ

????. ??????, ?????? ????????, ??? ???? ?? ? ???????

Mau tahu 'bocoran' obrolan saya dengan P…","Negatif"
"RT @abwnews_: Pemilu 2024 Nanti Dinilai Momentum Terbaik Lakukan Perubahan untuk Indonesia

https://t.co/BJBxAtkXeh","Positif"
"Calon Presiden Indonesia, Ganjar Pranowo hadir pada Rakernas PDIP yang berlangsung di Lenteng Agung pada 6 Juni 2023.

Pada Rakernas kali ini, membahas langkah untuk memenangkan Pemilu dan Pilpres yang berlangsung pada Tahun 2024 mendatang.

Semangat catatkan Hattrick Kemenangan… https://t.co/tDBB2VPMcW https://t.co/3Fj4PAKERK","Positif"
"RT @ajengcute16__: Denny Indrayana Kembali Kuliti Cawe-Cawe Jokowi Cegah Anies Menang 

 https://t.co/vR1SLgPo1m","Negatif"
"RT @abwnews_: Pemilu 2024 Nanti Dinilai Momentum Terbaik Lakukan Perubahan untuk Indonesia

https://t.co/BJBxAtkXeh","Positif"
"RT @ajengcute16__: Demokrat Ungkap Kerjasama Lembaga Survei Untuk Kalahkan Anies Baswedan 

 https://t.co/9WgcCZdtv0","Negatif"
"RT @Aryprasetyo85: BREAKING NEWS! Keterangan Megawati & @jokowi jelang Rakernas PDI-P Bahas Strategi Pemilu 2024

Presiden Joko Widodo bica…","Netral"
"RT @Leonita_Lestari: PULAU KALIAGE TEMPAT PARA JETSET POLITIK BERCENGKRAMA
.
.
.

Sebuah pulau di kawasan pulau seribu menjadi sorotan sete…","Netral"
"Demokrat Ungkap Kerjasama Lembaga Survei Untuk Kalahkan Anies Baswedan
https://t.co/cLZ4pN74bQ","Negatif"
"RT @tatapratiwi_1: Mari kita jaga Penyelenggaraan Pemilu 2024 agar berjalan aman damai. Oleh karena itu, mari kita jaga netralitas ASN seba…","Positif"
"@refaabdi pemilu 2024 langkah lanjutkan pembangunan nasional #PemiluSerentak2024 #Pemilu2024SesuaiTahapan #TolakPenundaanPemilu #AntiPolitikIdentitas #TolakPolitikMasjid #Pancasila #OKAYCUTItsHaechanDay #??????_????_???? https://t.co/ilmRFTuaPS","Positif"
"Mari kita jaga Penyelenggaraan Pemilu 2024 agar berjalan aman damai. Oleh karena itu, mari kita jaga netralitas ASN sebagai tenaga pemerintah profesional.

#ASNNetral, #jagapersatuan,
#SukseskanPemilu2024 https://t.co/yALRCWhFj6","Positif"
"@hamidah_nadya Lah 9 tahun berkuasa ngapain aja... 
https://t.co/PNxpJvZboA...","Negatif"
"Ketua Umum Partai Demokrasi Indonesia Perjuangan (PDIP) Megawati Soekarnoputri menyatakan tak pernah campur tangan atau menekan Presiden RI Joko Widodo (Jokowi) dalam keputusannya untuk 'cawe-cawe' dalam pilpres Pemilu 2024 mendatang

https://t.co/IjXiYCCxYW","Netral"
"RT @DindaP1805: @refaabdi Pemilu 2024 Momen Mempersatukan Bangsa Indonesia #PemiluSerentak2024 #Pemilu2024SesuaiTahapan #TolakPenundaanPemi…","Positif"
"RT @SuciAzz36839148: @Moyne897 @refaabdi Sosialisasi Pemilu 2024 #PemiluSerentak2024 #Pemilu2024SesuaiTahapan #TolakPenundaanPemilu #AntiPo…","Netral"
"RT @SuciAzz36839148: @DindaP1805 @refaabdi Sosialisasi Pemilu 2024 #PemiluSerentak2024 #Pemilu2024SesuaiTahapan #TolakPenundaanPemilu #Anti…","Netral"
"Ganjar Pranowo menghadiri Konsolidasi Akbar Pemenangan Pemilu Legislatif & Pemilu Presiden (Pilpres) 2024 di Baskes Hall Senayan, Jakpus, Kegiatan yg digelar DPD  (PDIP) DKI Jakarta itu juga dihadiri dihadiri ribuan kader.
#bersamaganjar #ganjaruntukindonesia #GanjarPresiden2024 https://t.co/avwkbYIDp3","Netral"
"RT @DindaP1805: @SuciAzz36839148 @refaabdi Sosialisasi Pemilu 2024 #PemiluSerentak2024 #Pemilu2024SesuaiTahapan #TolakPenundaanPemilu #Anti…","Netral"
"@Moyne897 @refaabdi Sosialisasi Pemilu 2024 #PemiluSerentak2024 #Pemilu2024SesuaiTahapan #TolakPenundaanPemilu #AntiPolitikIdentitas #TolakPolitikMasjid #Pancasila #OKAYCUTItsHaechanDay #??????_????_???? https://t.co/RjG50OPODG","Netral"
"RT @dennyindrayana: https://t.co/425kqkwhwQ

????. ??????, ?????? ????????, ??? ???? ?? ? ???????

Mau tahu 'bocoran' obrolan saya dengan P…","Negatif"
"RT @Aryprasetyo85: Ada Parpol mati-matian bela Kader nya yang jadi TERSANGKA KORUPSI!

Pertanyaan nya adalah..
Parpol kehilangannya ATM nya…","Negatif"
"RT @ch_chotimah2: Berarti cara kita Kampanyekan pak @ganjarpranowo sdh benar.
Yuk pertahankan, jgn sebar hoax dan fitnah, seperti 2014 dan…","Positif"
"@SuciAzz36839148 @refaabdi Sosialisasi Pemilu 2024 #PemiluSerentak2024 #Pemilu2024SesuaiTahapan #TolakPenundaanPemilu #AntiPolitikIdentitas #TolakPolitikMasjid #Pancasila #OKAYCUTItsHaechanDay #??????_????_???? https://t.co/zSJOi4awoP","Netral"
"Demokrat Ungkap Kerjasama Lembaga Survei Untuk Kalahkan Anies Baswedan 

 https://t.co/9WgcCZdtv0","Negatif"
"RT @SuciAzz36839148: @DindaP1805 @refaabdi Sosialisasi Pemilu 2024 #PemiluSerentak2024 #Pemilu2024SesuaiTahapan #TolakPenundaanPemilu #Anti…","Netral"
"Denny Indrayana Kembali Kuliti Cawe-Cawe Jokowi Cegah Anies Menang 

 https://t.co/vR1SLgPo1m","Negatif"
"RT @Debbi_miken: @SuciAzz36839148 @refaabdi pemilu 2024 langkah lanjutkan pembangunan nasional #PemiluSerentak2024 #Pemilu2024SesuaiTahapan…","Netral"
"RT @BennyHarmanID: Luaar biasa! Coba kita bayangkan apa yg bakal terjadi jika Ketua MK, Ketua MA, Panglima TNI, Jaksa Agung, Ketua KPK, Kep…","Netral"
"RT @dennyindrayana: https://t.co/425kqkwhwQ

????. ??????, ?????? ????????, ??? ???? ?? ? ???????

Berikut penjelasan lebih lengkap obrolan…","Netral"
"@Melvinization @refaabdi Pemilu 2024 tetap dilaksanakan sesuai Jadwal yg ditetapkan! #Pemilu2024SesuaiTahapan #TolakPenundaanPemilu #AntiPolitikIdentitas #TolakPolitikMasjid #Pemilu2024 #Pilpres2024 #Capres2024 #KPU #Bawaslu #IndonesiaMaju https//t.co/j5QmOP0VEg","Netral"
"RT @ch_chotimah2: Berarti cara kita Kampanyekan pak @ganjarpranowo sdh benar.
Yuk pertahankan, jgn sebar hoax dan fitnah, seperti 2014 dan…","Positif"
"RT @DindaP1805: @refaabdi Pemilu 2024 Momen Mempersatukan Bangsa Indonesia #PemiluSerentak2024 #Pemilu2024SesuaiTahapan #TolakPenundaanPemi…","Positif"
"RT @dennyindrayana: https://t.co/425kqkwhwQ

????. ??????, ?????? ????????, ??? ???? ?? ? ???????

Mau tahu 'bocoran' obrolan saya dengan P…","Negatif"
"RT @dennyindrayana: https://t.co/425kqkwhwQ

????. ??????, ?????? ????????, ??? ???? ?? ? ???????

Berikut penjelasan lebih lengkap obrolan…","Netral"
"RT @dennyindrayana: https://t.co/425kqkwhwQ

????. ??????, ?????? ????????, ??? ???? ?? ? ???????

Berikut penjelasan lebih lengkap obrolan…","Netral"
"Jika berhasil merebut perhatian para pemilih muda, lanjut Kunto, terbuka peluang buat Prabowo menang mengingat jumlah pemilih muda pada Pemilu 2024 sangat besar.
#PrabowoUntukIndonesia #NeruskePakdhe Prabowo Subianto","Positif"
"RT @GetaranNusa: @suroboyo_cok @refaabdi Tentram dan sukses pemilu 2024 !! #PemiluSerentak2024 #Pemilu2024SesuaiTahapan #TolakPenundaanPemi…","Positif"
"Analis komunikasi politik dari Universitas Padjadjaran Kunto Adi Wibowo menilai, bakal calon presiden (capres) dari Partai Gerindra Prabowo Subianto mencoba bermain di “garis tengah” pada Pemilu 2024.
#PrabowoUntukIndonesia #NeruskePakdhe Prabowo Subianto","Netral"
"RT @DindaP1805: @DiamTetap @refaabdi Sosialisasi Pemilu 2024 #PemiluSerentak2024 #Pemilu2024SesuaiTahapan #TolakPenundaanPemilu #AntiPoliti…","Netral"
"@DiamTetap @refaabdi pemilu 2024 langkah lanjutkan pembangunan nasional #PemiluSerentak2024 #Pemilu2024SesuaiTahapan #TolakPenundaanPemilu #AntiPolitikIdentitas #TolakPolitikMasjid #Pancasila #OKAYCUTItsHaechanDay #??????_????_???? https://t.co/ilmRFTuaPS","Netral"
"@GetaranNusa @refaabdi Sosialisasi Pemilu 2024 #PemiluSerentak2024 #Pemilu2024SesuaiTahapan #TolakPenundaanPemilu #AntiPolitikIdentitas #TolakPolitikMasjid #Pancasila #OKAYCUTItsHaechanDay #??????_????_???? https://t.co/9OqNUM1aXI","Netral"
"@suroboyo_cok @refaabdi Tentram dan sukses pemilu 2024 !! #PemiluSerentak2024 #Pemilu2024SesuaiTahapan #TolakPenundaanPemilu #AntiPolitikIdentitas #TolakPolitikMasjid #Pancasila #OKAYCUTItsHaechanDay #??????_????_???? https://t.co/tx3LDFGxKY","Positif"
"AHY Minta Demokat Wilayah Papua Selatan Tetap Solid Menang di Pemilu 2024.
nsp

PDemokrat
AgusYudhoyono
AHY Pimpin Perubahan
https://t.co/fbPzWFlxfV","Positif"
"RT @dennyindrayana: https://t.co/425kqkwhwQ

????. ??????, ?????? ????????, ??? ???? ?? ? ???????

Mau tahu 'bocoran' obrolan saya dengan P…","Negatif"
"@gwynethiraadong Pemilu 2024 aman damai????","Netral"
"Mari kita jaga Penyelenggaraan Pemilu 2024 agar berjalan aman damai. Oleh karena itu, mari kita jaga netralitas ASN sebagai tenaga pemerintah profesional.
#ASNNetral #jagapersatuan
#SukseskanPemilu2024 https://t.co/QmZFZrw2Ta","Positif"
"Soliditas, kekompakan dan kesiapan para kader Demokrat menuju Pemilu 2024.
`_j

PDemokrat
AgusYudhoyono
AHY Pimpin Perubahan
https://t.co/50nAftpLjG","Positif"
"Ketua Badan Pemenangan Pemilu (Bappilu) Partai Gerindra Sufmi Dasco Ahmad telah resmi menunjuk aktor Fauzi Baadila dan Haris Rusly memimpin relawan pendukung bakal calon presiden atau bakal capres 2024 Prabowo Subianto. #PrabowoUntukIndonesia #NeruskePakdhe Prabowo Subianto","Netral"
"Megawati Soekarnoputri: Rakernas III PDI Perjuangan Konsolidasi Partai Sambut Pemilu 2024
 https://t.co/tYhyZxS1fV","Netral"
"RT @SuciAzz36839148: @DindaP1805 @refaabdi Sosialisasi Pemilu 2024 #PemiluSerentak2024 #Pemilu2024SesuaiTahapan #TolakPenundaanPemilu #Anti…","Netral"
"Mari kita jaga Penyelenggaraan Pemilu 2024 agar berjalan aman damai. Oleh karena itu, mari kita jaga netralitas ASN sebagai tenaga pemerintah profesional.
#ASNNetral #jagapersatuan
#SukseskanPemilu2024 https://t.co/WLOS8N7R7c","Positif"
"Jakarta Lembaga Surabaya Research Syndicate (SRS) merilis hasil penelitiannya, yang salah satunya memantau elektabilitas tokoh yang disebut akan maju di Pemilu 2024 sebagai calon presiden (capres). #PrabowoUntukIndonesia #NeruskePakdhe Prabowo Subianto","Netral"
"RT @DindaP1805: @refaabdi Pemilu 2024 Momen Mempersatukan Bangsa Indonesia #PemiluSerentak2024 #Pemilu2024SesuaiTahapan #TolakPenundaanPemi…","Positif"
"Badan Kesatuan Bangsa dan Politik Kota Denpasar bekerja sama dengan KPU dan Bawaslu setempat menggelar kegiatan Sosialisasi Pendidikan Politik bagi Calon Pemilih Pemula untuK SMA/SMK di Denpasar, dalam rangka menyukseskan Pemilu Serentak 2024, di Denpasar

https://t.co/icguEz5DRD","Positif"
"RT @dennyindrayana: https://t.co/425kqkwhwQ

????. ??????, ?????? ????????, ??? ???? ?? ? ???????

Mau tahu 'bocoran' obrolan saya dengan P…","Negatif"
"RT @Aryprasetyo85: Ada Parpol mati-matian bela Kader nya yang jadi TERSANGKA KORUPSI!

Pertanyaan nya adalah..
Parpol kehilangannya ATM nya…","Negatif"
"#TemanPemilih Meski Diguyur Hujan, Serah Terima Bendera Kirab Pemilu 2024 di Kabupaten Kampar berlangsung Meriah.

 #pemiluserentaktahun2024
#KPUMelayani
https://t.co/31WHwYZCDR","Positif"
"@DindaP1805 @refaabdi Sosialisasi Pemilu 2024 #PemiluSerentak2024 #Pemilu2024SesuaiTahapan #TolakPenundaanPemilu #AntiPolitikIdentitas #TolakPolitikMasjid #Pancasila #OKAYCUTItsHaechanDay #??????_????_???? https://t.co/gBd0SXJYQw","Netral"
"Hari ini @PDemokrat resmi mendaftar ke KPU. Di pemilu 2024 jangan lupa pilih Nomor 14..
whx

PDemokrat
AgusYudhoyono
AHY Pimpin Perubahan
https://t.co/smAlYZcmXQ","Netral"
"RT @Aryprasetyo85: Ada Parpol mati-matian bela Kader nya yang jadi TERSANGKA KORUPSI!

Pertanyaan nya adalah..
Parpol kehilangannya ATM nya…","Negatif"
"Pemilu 2024 Momen Mempersatukan Bangsa Indonesia. Mari jadikan momentum Pemilu sebagai ajang asah wawasan dan jalin persatuan. Indonesia Pancasila ?

#PemiluSerentak2024
#Pemilu2024SesuaiTahapan
#TolakPenundaanPemilu
#AntiPolitikIdentitas
#Pancasila
#Pemilu2024
#Pilpres2024 https://t.co/oT8vqYDGKs","Positif"
"@DiamTetap @refaabdi Sosialisasi Pemilu 2024 #PemiluSerentak2024 #Pemilu2024SesuaiTahapan #TolakPenundaanPemilu #AntiPolitikIdentitas #TolakPolitikMasjid #Pancasila #OKAYCUTItsHaechanDay #??????_????_???? https://t.co/zSJOi4awoP","Netral"
"@GlowingNusaa @refaabdi Pemilu 2024 tetap dilaksanakan sesuai Jadwal yg ditetapkan! #Pemilu2024SesuaiTahapan #TolakPenundaanPemilu #AntiPolitikIdentitas #TolakPolitikMasjid #Pemilu2024 #Pilpres2024 #Capres2024 #KPU #Bawaslu #IndonesiaMaju https//t.co/j5QmOP0VEg","Netral"
"@SuciAzz36839148 @refaabdi pemilu 2024 langkah lanjutkan pembangunan nasional #PemiluSerentak2024 #Pemilu2024SesuaiTahapan #TolakPenundaanPemilu #AntiPolitikIdentitas #TolakPolitikMasjid #Pancasila #OKAYCUTItsHaechanDay #??????_????_???? https://t.co/VjTN4e3q8U","Netral"
"@cakimiNOW Gus Muhaimin Penentu Kemenangan Pilpres 2024, PKB Pemenang Pemilu 2024 dengan 100 kursi","Netral"
"RT @Dw99935050Dwi: Respon Kabar AHY Jadi Cawapres Anies Baswedan, DPW NasDem Jatim: Sangat Pantas https://t.co/DgNB7KuuY1 lewat @TajukPolit…","Positif"
"RT @dennyindrayana: https://t.co/425kqkwhwQ

????. ??????, ?????? ????????, ??? ???? ?? ? ???????

Mau tahu 'bocoran' obrolan saya dengan P…","Negatif"
"Adapun survei tersebut dibuat lantaran masih ada kemungkinan Anies Baswedan gagal memperoleh tiket untuk maju sebagai capres di Pemilu 2024. #PrabowoUntukIndonesia #NerusKePakdhe Prabowo Subianto","Netral"
"RT @dennyindrayana: https://t.co/425kqkwhwQ

????. ??????, ?????? ????????, ??? ???? ?? ? ???????

Berikut penjelasan lebih lengkap obrolan…","Netral"
"Solo - Lembaga survei LSI Denny JA menggelar survei simulasi jika Anies Baswedan gagal meraih tiket untuk maju sebagai calon presiden di Pemilu 2024.  #PrabowoUntukIndonesia #NerusKePakdhe Prabowo Subianto","Netral"
"RT @GetaranNusa: @suroboyo_cok @refaabdi Tentram dan sukses pemilu 2024 !! #PemiluSerentak2024 #Pemilu2024SesuaiTahapan #TolakPenundaanPemi…","Positif"
"Pasca pertemuan dengan ketum PKB, AHY: Jaga pemilu 2024 agar tanpa intervensi, intimidasi, dan kecurangan..
zoq

PDemokrat
AgusYudhoyono
AHY Pimpin Perubahan
https://t.co/Bbfxd2VJt6","Positif"
"@DiamTetap @refaabdi Sosialisasi Pemilu 2024 #PemiluSerentak2024 #Pemilu2024SesuaiTahapan #TolakPenundaanPemilu #AntiPolitikIdentitas #TolakPolitikMasjid #Pancasila #OKAYCUTItsHaechanDay #??????_????_???? https://t.co/gBd0SXJYQw","Netral"
"RT @Aryprasetyo85: Ada Parpol mati-matian bela Kader nya yang jadi TERSANGKA KORUPSI!

Pertanyaan nya adalah..
Parpol kehilangannya ATM nya…","Negatif"
"Megawati Sebut Rakernas PDIP Penting Dilakukan, Konsolidasi Hingga Pemilu 2024 Jadi Pembahasan https://t.co/Cr7dpU0Tga","Netral"
"RT @SalimCipok: Presiden @jokowi dan Gubernur Jawa Tengah @ganjarpranowo  kompak memberi salam metal tiga jari di pembukaan Rakernas III PD…","Netral"
"@suroboyo_cok @refaabdi Tentram dan sukses pemilu 2024 !! #PemiluSerentak2024 #Pemilu2024SesuaiTahapan #TolakPenundaanPemilu #AntiPolitikIdentitas #TolakPolitikMasjid #Pancasila #OKAYCUTItsHaechanDay #??????_????_???? https://t.co/tIr5HSfMjC","Positif"
"RT @otnayram_me: Sejumlah warga Indonesia yang tergabung dalam Relawan Ganjar Prancis (GP) mendeklarasikan dukungan terhadap Ganjar Pranowo…","Positif"
"RT @otnayram_me: Ganjar Pranowo  menyatakan siap menggalang dukungan 'door to door' sesuai program partainya untuk pemenangan pemilu 2024…","Positif"
"RT @dennyindrayana: https://t.co/425kqkwhwQ

????. ??????, ?????? ????????, ??? ???? ?? ? ???????

Mau tahu 'bocoran' obrolan saya dengan P…","Negatif"
"@cakimiNOW Gus Muhaimin Jenengan Penentu ,Mari Menangkan Pemilu Dan Pilpres 2024","Positif"
"Himbauan Kabag Ops Polres Probolinggo kepada seluruh masyarakat Kabupaten Probolinggo agar menciptakan situasi aman dan kondusif selama perhelatan Pemilu 2024 https://t.co/CH1RnzinI0","Positif"
"RT @abwnews_: Pemilu 2024 Nanti Dinilai Momentum Terbaik Lakukan Perubahan untuk Indonesia

https://t.co/BJBxAtkXeh","Positif"
"@DiamTetap @refaabdi Tentram dan sukses pemilu 2024 !! #PemiluSerentak2024 #Pemilu2024SesuaiTahapan #TolakPenundaanPemilu #AntiPolitikIdentitas #TolakPolitikMasjid #Pancasila #OKAYCUTItsHaechanDay #??????_????_???? https://t.co/tx3LDFGxKY","Positif"
"@refaabdi Pemilu 2024 Momen Mempersatukan Bangsa Indonesia #PemiluSerentak2024 #Pemilu2024SesuaiTahapan #TolakPenundaanPemilu #AntiPolitikIdentitas #TolakPolitikMasjid #Pancasila #OKAYCUTItsHaechanDay #??????_????_???? https://t.co/YIW8UTvBpG","Positif"
"@refaabdi Sosialisasi Pemilu 2024 #PemiluSerentak2024 #Pemilu2024SesuaiTahapan #TolakPenundaanPemilu #AntiPolitikIdentitas #TolakPolitikMasjid #Pancasila #OKAYCUTItsHaechanDay #??????_????_???? https://t.co/tiUwZdLP47","Netral"
"@refaabdi pemilu 2024 langkah lanjutkan pembangunan nasional #PemiluSerentak2024 #Pemilu2024SesuaiTahapan #TolakPenundaanPemilu #AntiPolitikIdentitas #TolakPolitikMasjid #Pancasila #OKAYCUTItsHaechanDay #??????_????_???? https://t.co/ERQsgUCge0","Netral"
"RT @dennyindrayana: https://t.co/425kqkwhwQ

????. ??????, ?????? ????????, ??? ???? ?? ? ???????

Berikut penjelasan lebih lengkap obrolan…","Netral"
"Denny Indrayana Kembali Kuliti Cawe-Cawe Jokowi Cegah Anies Menang
https://t.co/B8lN9gRIUZ","Negatif"
"RT @dennyindrayana: https://t.co/425kqkwhwQ

????. ??????, ?????? ????????, ??? ???? ?? ? ???????

Mau tahu 'bocoran' obrolan saya dengan P…","Negatif"
"Mari kita jaga Penyelenggaraan Pemilu 2024 agar berjalan aman damai. Oleh karena itu, mari kita jaga netralitas ASN sebagai tenaga pemerintah profesional.
#ASNNetral, #jagapersatuan,
#SukseskanPemilu2024 https://t.co/vF8POQOJzU","Positif"
"Mari kita jaga Penyelenggaraan Pemilu 2024 agar berjalan aman damai. Oleh karena itu, mari kita jaga netralitas ASN sebagai tenaga pemerintah profesional.
#ASNNetral, #jagapersatuan,
#SukseskanPemilu2024 https://t.co/BUx8Bh2CII","Positif"
"RT @Aryprasetyo85: Ada Parpol mati-matian bela Kader nya yang jadi TERSANGKA KORUPSI!

Pertanyaan nya adalah..
Parpol kehilangannya ATM nya…","Negatif"
"@monicaeducalan Sukseskan Pemilu 2024","Positif"
"RT @YanHarahap: Tanggapi Pembegalan ?@PDemokrat?, Mantan Ketua MK: Sebaiknya ?@jokowi? Pecat Moeldoko https://t.co/MuPoLQ6EGY","Negatif"
"RT @Leonita_Lestari: PULAU KALIAGE TEMPAT PARA JETSET POLITIK BERCENGKRAMA
.
.
.

Sebuah pulau di kawasan pulau seribu menjadi sorotan sete…","Netral"
"RT @Aryprasetyo85: Ada Parpol mati-matian bela Kader nya yang jadi TERSANGKA KORUPSI!

Pertanyaan nya adalah..
Parpol kehilangannya ATM nya…","Negatif"
"RT @otnayram_me: Sejumlah warga Indonesia yang tergabung dalam Relawan Ganjar Prancis (GP) mendeklarasikan dukungan terhadap Ganjar Pranowo…","Positif"
"RT @Yulia_NS79: Rakernas III PDIP akan membahas soal strategi dalam menghadapi Pemilu 2024 dan menyusun visi misi calon presiden @ganjarpra…","Netral"
"RT @dennyindrayana: https://t.co/425kqkwhwQ

????. ??????, ?????? ????????, ??? ???? ?? ? ???????

Berikut penjelasan lebih lengkap obrolan…","Netral"
"RT @cakimiNOW: Musra NU Mojokerto Sepakati Dukung Cak Imin Capres 2024 https://t.co/Dzzr14HVVZ","Netral"
"Mari kita jaga Penyelenggaraan Pemilu 2024 agar berjalan aman damai. Oleh karena itu, mari kita jaga netralitas ASN sebagai tenaga pemerintah profesional.

#ASNNetral #jagapersatuan
#SukseskanPemilu2024 https://t.co/rRw40mdBX7","Positif"
"4 Hasil Survei Terkini SMRC Jelang Pilpres 2024, Ganjar Pranowo Jadi yang Paling Banyak Dipilih Jadi Capres https://t.co/hFSoZM3jKZ","Netral"
"RT @tatapratiwi_1: Mari kita jaga Penyelenggaraan Pemilu 2024 agar berjalan aman damai. Oleh karena itu, mari kita jaga netralitas ASN seba…","Positif"
"RT @72Gamal77091: Solid Bergerak Menyongsong Kemenangan Pemilu 2024.!! 
Salam Pramudia.
#GusMuhaimin 
#GusMuhaimin
#GusMuhaimin
#BudalGus
@…","Positif"
"RT @otnayram_me: Sejumlah warga Indonesia yang tergabung dalam Relawan Ganjar Prancis (GP) mendeklarasikan dukungan terhadap Ganjar Pranowo…","Positif"
"Nama @ridwankamil masuk dalam 3 besar cawapres dalam Pemilu 2024 dari hasil survei Indikator Politik Indonesia (IPI). ”Saya sudah sering bilang, aya tidak menghalangi disurvei.Mungkin buah dari kerja saya,karena survei juga kepercayaan publik,' jelasnya. https://t.co/0ftBplcYPc","Netral"
"@PKSejahtera 
Menurut saya, Pek Presd. ikut Cawe2 dlm Pemilu 2024 memang kurang baik sekali trutama bagi Parpol2 yg sudah kebanyakan ma kan dari ceramah2 yg itu2 juga.","Negatif"
"Presiden @jokowi dan Gubernur Jawa Tengah @ganjarpranowo  kompak memberi salam metal tiga jari di pembukaan Rakernas III PDIP

Salam metal merujuk pada akronim MEnang toTAL PDIP untuk meraih kemenangan ketiga atau hattrick di Pemilu dan Pilpres 2024.

bukan gelinda ? https://t.co/zlQE4pKrUJ","Positif"
"RT @dennyindrayana: https://t.co/425kqkwhwQ

????. ??????, ?????? ????????, ??? ???? ?? ? ???????

Mau tahu 'bocoran' obrolan saya dengan P…","Negatif"
"Mari kita jaga Penyelenggaraan Pemilu 2024 agar berjalan aman damai. Oleh karena itu, mari kita jaga netralitas ASN sebagai tenaga pemerintah profesional.
#ASNNetral, #jagapersatuan,
#SukseskanPemilu2024 https://t.co/5HSfjrMXty","Positif"
"Mari kita jaga Penyelenggaraan Pemilu 2024 agar berjalan aman damai. Oleh karena itu, mari kita jaga netralitas ASN sebagai tenaga pemerintah profesional.
#ASNNetral, #jagapersatuan,
#SukseskanPemilu2024 https://t.co/APmVXkqkLa","Positif"
"Ketua Umum Golkar Airlangga Hartarto menugaskan @ridwankamil untuk memenangkan partai di wilayah Banten, DKI  Jakarta, dan Jawa Barat. Ridwan Kamil pun menegaskan akan menguatkan  ketiga wilayah tersebut dalam Pemilu 2024. https://t.co/XuNynE0S8V","Netral"
"Jokowi Siap Cawe-cawe untuk Cegah Riak Pemilu 2024 yang Bahayakan Negara https://t.co/zug6Ga6d41","Netral"
"RT @dennyindrayana: https://t.co/425kqkwhwQ

????. ??????, ?????? ????????, ??? ???? ?? ? ???????

Berikut penjelasan lebih lengkap obrolan…","Netral"
"RT @Dw99935050Dwi: Respon Kabar AHY Jadi Cawapres Anies Baswedan, DPW NasDem Jatim: Sangat Pantas https://t.co/DgNB7KuuY1 lewat @TajukPolit…","Positif"
"Jika berhasil merebut perhatian para pemilih muda, lanjut Kunto, terbuka peluang buat Prabowo menang mengingat jumlah pemilih muda pada Pemilu 2024 sangat besar.
#PrabowoUntukIndonesia #NeruskePakdhe Prabowo Subianto","Netral"
"Analis komunikasi politik dari Universitas Padjadjaran Kunto Adi Wibowo menilai, bakal calon presiden (capres) dari Partai Gerindra Prabowo Subianto mencoba bermain di “garis tengah” pada Pemilu 2024.
#PrabowoUntukIndonesia #NeruskePakdhe Prabowo Subianto","Netral"
"Hasil survei elektabilitas bakal calon presiden (bacapres) Pemilu 2024. Survei ini dilakukan pada 9 hingga 16 Mei 2023, dengan menggunakan metode penarikan sampel multistage random sampling,' jelasnya.
#PrabowoUntukIndonesia #NeruskePakdhe Prabowo Subianto","Netral"
"RT @dennyindrayana: https://t.co/425kqkwhwQ

????. ??????, ?????? ????????, ??? ???? ?? ? ???????

Berikut penjelasan lebih lengkap obrolan…","Netral"
"Lembaga survei Fixpoll Research and Strategic Consulting merilis hasil jajak pendapat terkait elektabilitas capres yang unggul di Pemilu 2024 mendatang.
#PrabowoUntukIndonesia #NeruskePakdhe Prabowo Subianto","Netral"
"ASN harus netral dalam pemilu 2024 #ASNNetral #jagapersatuan
#SukseskanPemilu2024 https://t.co/WV35lFSDXl","Netral"
"RT @Yulia_NS79: Rakernas III PDIP akan membahas soal strategi dalam menghadapi Pemilu 2024 dan menyusun visi misi calon presiden @ganjarpra…","Netral"
"Mari kita jaga Penyelenggaraan Pemilu 2024 agar berjalan aman damai. Oleh karena itu, mari kita jaga netralitas ASN sebagai tenaga pemerintah profesional. https://t.co/Mne16lOole","Positif"
"#TemanPemilih, Koordinasikan Penyusunan Daftar Pemilih Pemilu 2024, KPU dan Dukcapil se-Jawa Timur Duduk Bersama. Simak selengkapnya pada link berikut yahh https://t.co/R2n5bmnrrR

#KPUMelayani 
#PemiluSerentak2024 https://t.co/hYHkUfH5lQ","Netral"
"RT @ajengcute16__: Warga Lampung Ricuh Pembagian Sembako Ganjar, Andi Sinulingga: Banyak Sekali Uang Ganjar 

 https://t.co/8u9xFMzq8A","Negatif"
"RT @NasDem: Komisi Pemilihan Umum (KPU) akan menghapus kewajiban pelaporan penerimaan sumbangan dana kampanye pada Pemilihan Umum (Pemilu)…","Netral"
"Rapat Pleno Terbuka Rekapitulasi Daftar Pemilih Semenara (DPSHP) Akhir Tingkat Kecamatan pada Pemilu 2024.

Rapat pleno dilaksanakan pada hari Minggu, 4 Juni 2023 di aula kantor camat Bantan.

#kpuriau #kpumelayani #kpubengkalis #ppkbantan #pemilu2024 https://t.co/0XAAkPswkb","Netral"
"RT @dennyindrayana: https://t.co/425kqkwhwQ

????. ??????, ?????? ????????, ??? ???? ?? ? ???????

Mau tahu 'bocoran' obrolan saya dengan P…","Negatif"
"Mari kita jaga Penyelenggaraan Pemilu 2024 agar berjalan aman damai. Oleh karena itu, mari kita jaga netralitas ASN sebagai tenaga pemerintah profesional.
#ASNNetral, #jagapersatuan,
#SukseskanPemilu2024 https://t.co/y7dRM7GrFN","Positif"
"Hadi Satriawan ajak generasi milenial dan generasi Z berpartisipasi sukseskan pemilu 2024. Cat 3 apa itu bro Selasa #PDIPerjuangan https://t.co/nhTVgBpWHu","Positif"
"RT @dennyindrayana: https://t.co/425kqkwhwQ

????. ??????, ?????? ????????, ??? ???? ?? ? ???????

Berikut penjelasan lebih lengkap obrolan…","Netral"
"Mari kita jaga Penyelenggaraan Pemilu 2024 agar berjalan aman damai. Oleh karena itu, mari kita jaga netralitas ASN sebagai tenaga pemerintah profesional.
#ASNNetral, #jagapersatuan,
#SukseskanPemilu2024 https://t.co/MbbbTAmCR0","Positif"
"RT @otnayram_me: Sejumlah warga Indonesia yang tergabung dalam Relawan Ganjar Prancis (GP) mendeklarasikan dukungan terhadap Ganjar Pranowo…","Positif"
"Rapat Pleno Terbuka Rekapitulasi Daftar Pemilih Semenara (DPSHP) Akhir Tingkat Desa pada Pemilu 2024.

Rapat pleno dilaksanakan pada hari Kamis dan Jumat, 1 dan 2 Juni 2023 di masing-masing desa.

#kpuriau #kpumelayani #kpubengkalis #ppkbantan #pemilu2024 https://t.co/hiqtrpt4fI","Netral"
"RT @otnayram_me: Sejumlah warga Indonesia yang tergabung dalam Relawan Ganjar Prancis (GP) mendeklarasikan dukungan terhadap Ganjar Pranowo…","Positif"
"Mari kita jaga Penyelenggaraan Pemilu 2024 agar berjalan aman damai. Oleh karena itu, mari kita jaga netralitas ASN sebagai tenaga pemerintah profesional.
#ASNNetral, #jagapersatuan,
#SukseskanPemilu2024 https://t.co/5yvdBsLXGc","Positif"
"RT @dennyindrayana: https://t.co/425kqkwhwQ

????. ??????, ?????? ????????, ??? ???? ?? ? ???????

Mau tahu 'bocoran' obrolan saya dengan P…","Negatif"
"Menurut survei Indikator, Prabowo, Ganjar, dan Anies merupakan kandidat calon presiden (capres) Pemilu 2024 dengan elektabilitas terbesar. #PrabowoUntukIndonesia #NeruskePakdhe Prabowo Subianto","Netral"
"AHY Minta Demokat Wilayah Papua Selatan Tetap Solid Menang di Pemilu 2024.
nsp

PDemokrat
AgusYudhoyono
AHY Pimpin Perubahan
https://t.co/JrisuUXgUq","Positif"
"RT @NasDem: Komisi Pemilihan Umum (KPU) akan menghapus kewajiban pelaporan penerimaan sumbangan dana kampanye pada Pemilihan Umum (Pemilu)…","Netral"
"Soliditas, kekompakan dan kesiapan para kader Demokrat menuju Pemilu 2024.
`_j

PDemokrat
AgusYudhoyono
AHY Pimpin Perubahan
https://t.co/44OmIXXhVf","Positif"
"Seorang wartawan  melempar pertanyaan terkait dengan di Pilkada 2024 nanti, dia akan  menjadi Calon Gubernur Jawa Barat atau DKI. @ridwankamil  menjawab dengan bercanda pertanyaan itu.
 
'Mungkin California,' kata Kang Emil sembari tersenyum
https://t.co/kEUOixfG0i.","Netral"
"RT @Aryprasetyo85: Ada Parpol mati-matian bela Kader nya yang jadi TERSANGKA KORUPSI!

Pertanyaan nya adalah..
Parpol kehilangannya ATM nya…","Negatif"
"RT @ajengcute16__: Warga Lampung Ricuh Pembagian Sembako Ganjar, Andi Sinulingga: Banyak Sekali Uang Ganjar 

 https://t.co/8u9xFMzq8A","Negatif"
"@Dakenwolve @Andiarief__ @aniesbaswedan AHY sdh dihina...
@AgusYudhoyono 
@SBYudhoyono 

https://t.co/ybLyJooxK1","Negatif"
"Hadi Satriawan ajak generasi milenial dan generasi Z berpartisipasi sukseskan pemilu 2024. Cat 3 apa itu bro Selasa #PDIPerjuangan https://t.co/AM6jF9MWdC","Positif"
"Pemilu 2024 Damai dan tentram!! #ASNNetral #jagapersatuan #SukseskanPemilu2024 https://t.co/KNtLSQSzsV","Positif"
"Saya yakin pemilu 2024 lancar dan sukses!! #ASNNetral #jagapersatuan #SukseskanPemilu2024 https://t.co/q6liMSuaa0","Positif"
"Pemilu 2024 harus Netral!! #ASNNetral #jagapersatuan #SukseskanPemilu2024 https://t.co/mggPsOSLAB","Positif"
"RT @abwnews_: Pemilu 2024 Nanti Dinilai Momentum Terbaik Lakukan Perubahan untuk Indonesia

https://t.co/BJBxAtkXeh","Positif"
"RT @ajengcute16__: Respon Kabar AHY Jadi Cawapres Anies Baswedan, DPW NasDem Jatim: Sangat Pantas 

https://t.co/tk139UZKba","Positif"
"RT @TajukPolitik: Berprestasi dan Rendah Hati, PKS Sebut AHY Sosok Ideal Cawapres Anies
https://t.co/B7uvDPcWWb","Netral"
"Pemilu 2024 Mencuatnya Perubahan Sistem Pemilu Dari Terbuka Menjadi Tertutup https://t.co/Qlf0Zgp5d9","Netral"
"Hadi Satriawan ajak generasi milenial dan generasi Z berpartisipasi sukseskan pemilu 2024. Cat 3 apa itu bro Selasa #PDIPerjuangan https://t.co/QfN7z92zqV","Positif"
"Mari kita jaga Penyelenggaraan Pemilu 2024 agar berjalan aman damai. Oleh karena itu, mari kita jaga netralitas ASN sebagai tenaga pemerintah profesional.
#ASNNetral, #jagapersatuan,
#SukseskanPemilu2024 https://t.co/FL4crsKBii","Positif"
"Hadi Satriawan ajak generasi milenial dan generasi Z berpartisipasi sukseskan pemilu 2024. Cat 3 apa itu bro Selasa #PDIPerjuangan https://t.co/bXDlQCut9J","Positif"
"@staysaferek @Andiarief__ @aniesbaswedan MERENDAHKAN @AgusYudhoyono 

https://t.co/ybLyJooxK1","Negatif"
"Lembaga Surabaya Research Syndicate (SRS) merilis hasil penelitiannya, yang salah satunya memantau elektabilitas tokoh yang disebut akan maju di Pemilu 2024 sebagai calon presiden (capres). #PrabowoUntukIndonesia #NeruskePakdhe Prabowo Subianto","Netral"
"Hadi Satriawan ajak generasi milenial dan generasi Z berpartisipasi sukseskan pemilu 2024. Cat 3 apa itu bro Selasa #PDIPerjuangan https://t.co/JNajrqjvyy","Positif"
"@AbdoelRsd @Andiarief__ @aniesbaswedan Wah, anda sdh merendahkan !!!
@SBYudhoyono 
@AgusYudhoyono 
@Edhie_Baskoro 
@PDemokrat 

https://t.co/ybLyJooxK1","Negatif"
"Hadi Satriawan ajak generasi milenial dan generasi Z berpartisipasi sukseskan pemilu 2024. Cat 3 apa itu bro Selasa #PDIPerjuangan https://t.co/grTDR9qSe2","Positif"
"Hari ini @PDemokrat resmi mendaftar ke KPU. Di pemilu 2024 jangan lupa pilih Nomor 14..
whx

PDemokrat
AgusYudhoyono
AHY Pimpin Perubahan
https://t.co/WHhdHxS2Bv","Netral"
"RT @HisyamMochtar: Dari jaman kuda gigit besi jualannya kalo ga kemiskinan ya wong cilik. Kapan wong cilik sadar telah dikibulin partai keb…","Negatif"
"Mari jaga Penyelenggaraan Pemilu 2024 agar berjalan aman damai
#ASNNetral
#jagapersatuan
#SukseskanPemilu2024 https://t.co/hxJ3uNtmwq","Positif"
"Mari kita jaga Penyelenggaraan Pemilu 2024 agar berjalan aman damai. Oleh karena itu, mari kita jaga netralitas ASN sebagai tenaga pemerintah profesional. #ASNNetral, #jagapersatuan,
#SukseskanPemilu2024. https://t.co/ppy9QzWaJ5","Positif"
"Mari kita jaga Penyelenggaraan Pemilu 2024 agar berjalan aman damai. Oleh karena itu, mari kita jaga netralitas ASN sebagai tenaga pemerintah profesional. #ASNNetral, #jagapersatuan,
#SukseskanPemilu2024. https://t.co/xA4N5iY4O4","Positif"
"Mari kita jaga Penyelenggaraan Pemilu 2024 agar berjalan aman damai. Oleh karena itu, mari kita jaga netralitas ASN sebagai tenaga pemerintah profesional. #ASNNetral, #jagapersatuan,
#SukseskanPemilu2024. https://t.co/K8GC4iUVGe","Positif"
"Mari kita jaga Penyelenggaraan Pemilu 2024 agar berjalan aman damai. Oleh karena itu, mari kita jaga netralitas ASN sebagai tenaga pemerintah profesional. #ASNNetral, #jagapersatuan,
#SukseskanPemilu2024. https://t.co/FERXgJdjad","Positif"
"Mari kita jaga Penyelenggaraan Pemilu 2024 agar berjalan aman damai. Oleh karena itu, mari kita jaga netralitas ASN sebagai tenaga pemerintah profesional. #ASNNetral, #jagapersatuan,
#SukseskanPemilu2024. https://t.co/cqlvCebtGO","Positif"
"@cak_daus @Andiarief__ @aniesbaswedan Masalahnya 3 kata :
TIDAK MEMENUHI KRITERIA.
@SBYudhoyono 
@AgusYudhoyono 
@Edhie_Baskoro 
@PDemokrat 
@BennyHarmanID 

https://t.co/ybLyJooxK1","Negatif"
"@hamidah_nadya Rakyat memastikan yg dulu kampanye ngibulin wong cilik tidak akan menang di pemilu 2024","Negatif"
"Hadi Satriawan ajak generasi milenial dan generasi Z berpartisipasi sukseskan pemilu 2024. Cat 3 apa itu bro Selasa #PDIPerjuangan https://t.co/YifVG0AaSc","Positif"
"Halo #sahabatbawaslu

Berikut Timeline Penyusunan Daftar Pemilih Tetap (DPT) pada Pemilu 2024.

#bawaslu #bawaslujateng #bawaslupurworejo  #humasbawaslupurworejo #ppidpurworejo #ayoawasibersama #pemiluserentak2024 #purworejo #purworejonan #infopurworejo #seputarpurworejo https://t.co/TqFIOObzce","Netral"
"Hadi Satriawan ajak generasi milenial dan generasi Z berpartisipasi sukseskan pemilu 2024. Cat 3 apa itu bro Selasa #PDIPerjuangan https://t.co/Ti99yp0esV","Positif"
"RT @dennyindrayana: https://t.co/425kqkwhwQ

????. ??????, ?????? ????????, ??? ???? ?? ? ???????

Berikut penjelasan lebih lengkap obrolan…","Netral"
"Tiga nama masih bersaing di posisi teratas dalam elektabilitas kandidat calon presiden (capres) Pemilu 2024.
#PrabowoUntukIndonesia #NeruskePakdhe Prabowo Subianto","Netral"
"RT @papa_loren: PDIP Targetkan 2024 Tak Ada Kemiskinan Ekstrem di Indonesia..??? https://t.co/eYsN1aM8Fi","Netral"
"RT @Yulia_NS79: Rakernas III PDIP akan membahas soal strategi dalam menghadapi Pemilu 2024 dan menyusun visi misi calon presiden @ganjarpra…","Netral"
"Lembaga survei Indikator Politik Indonesia merilis survei elektabilitas calon presiden (capres) pada Pemilu 2024. #PrabowoUntukIndonesia #NeruskePakdhe Prabowo Subianto","Netral"
"RT @cakimiNOW: Musra NU Mojokerto Sepakati Dukung Cak Imin Capres 2024 https://t.co/Dzzr14HVVZ","Netral"
"RT @dennyindrayana: https://t.co/425kqkwhwQ

????. ??????, ?????? ????????, ??? ???? ?? ? ???????

Berikut penjelasan lebih lengkap obrolan…","Netral"
"@assyifa__SJSZN @Andiarief__ @aniesbaswedan Itu masalahnya...
AHY TIDAK DIANGGAP.
@AgusYudhoyono 
@SBYudhoyono 
@Edhie_Baskoro 

https://t.co/ybLyJooxK1","Negatif"
"Mari kita jaga Penyelenggaraan Pemilu 2024 agar berjalan aman damai. Oleh karena itu, mari kita jaga netralitas ASN sebagai tenaga pemerintah profesional.
#ASNNetral, #jagapersatuan,
#SukseskanPemilu2024 https://t.co/4FvHVGbjq5","Positif"
"@funny_zoon @Andiarief__ @aniesbaswedan JUNI, kalo tidak BUBAR !!!
@AgusYudhoyono 
@SBYudhoyono 
@PDemokrat 

https://t.co/ybLyJooxK1","Negatif"
"RT @dennyindrayana: https://t.co/425kqkwhwQ

????. ??????, ?????? ????????, ??? ???? ?? ? ???????

Mau tahu 'bocoran' obrolan saya dengan P…","Negatif"
"Jika berhasil merebut perhatian para pemilih muda, lanjut Kunto, terbuka peluang buat Prabowo menang mengingat jumlah pemilih muda pada Pemilu 2024 sangat besar.
#PrabowoUntukIndonesia #NeruskePakdhe Prabowo Subianto","Positif"
"RT @Yulia_NS79: Rakernas III PDIP akan membahas soal strategi dalam menghadapi Pemilu 2024 dan menyusun visi misi calon presiden @ganjarpra…","Netral"
"Analis komunikasi politik dari Universitas Padjadjaran Kunto Adi Wibowo menilai, bakal calon presiden (capres) dari Partai Gerindra Prabowo Subianto mencoba bermain di “garis tengah” pada Pemilu 2024.
#PrabowoUntukIndonesia #NeruskePakdhe Prabowo Subianto","Netral"
"@SetiarsoU @Andiarief__ @aniesbaswedan JUNI !!!

https://t.co/ybLyJooxK1","Netral"
"RT @otnayram_me: Sejumlah warga Indonesia yang tergabung dalam Relawan Ganjar Prancis (GP) mendeklarasikan dukungan terhadap Ganjar Pranowo…","Positif"
"RT @dennyindrayana: https://t.co/425kqkwhwQ

????. ??????, ?????? ????????, ??? ???? ?? ? ???????

Mau tahu 'bocoran' obrolan saya dengan P…","Negatif"
"RT @dennyindrayana: https://t.co/425kqkwhwQ

????. ??????, ?????? ????????, ??? ???? ?? ? ???????

Berikut penjelasan lebih lengkap obrolan…","Netral"
"Rakernas jadi sangat penting karena kami sedang bekerja dalam rangka konsolidasi partai dari jajaran paling tinggi sampai ke anak ranting,' #newsupdate #update #news #text https://t.co/1ixC1U4NgE","Netral"
"@supratmanareaky @Andiarief__ @aniesbaswedan Tujuan DEMOKRAT, AHY cawapres...

https://t.co/ybLyJooxK1","Netral"
"RT @ajengcute16__: Warga Lampung Ricuh Pembagian Sembako Ganjar, Andi Sinulingga: Banyak Sekali Uang Ganjar 

 https://t.co/8u9xFMzq8A","Negatif"
"Sekjen PAN Eddy Soeparno mengatakan bahwa salah satu poin pertemuan pihaknya dengan Gerindra adalah membahas bagaimana agar proses Pemilu 2024 dapat berjalan lancar dan aman.  #PrabowoUntukIndonesia #NeruskePakdhe Prabowo Subianto","Netral"
"Bisniscom, JAKARTA - Partai Amanat Nasional (PAN) dan Partai Gerindra sepakat untuk tetap menerapkan sistem pemilu terbuka pada Pemilu 2024. #PrabowoUntukIndonesia #NeruskePakdhe Prabowo Subianto","Netral"
"Tentram dan sukses pemilu 2024 !! #PemiluSerentak2024 #Pemilu2024SesuaiTahapan #TolakPenundaanPemilu #AntiPolitikIdentitas #TolakPolitikMasjid #Pancasila #Pemilu2024 #Pilpres2024 #Capres2024 #KPU #Bawaslu #IndonesiaMaju https://t.co/BXPtOJ2mvl","Positif"
"Pemilu 2024 lancar!! Indonesia sejahtera dan damai #PemiluSerentak2024 #Pemilu2024SesuaiTahapan #TolakPenundaanPemilu #AntiPolitikIdentitas #TolakPolitikMasjid #Pancasila #Pemilu2024 #Pilpres2024 #Capres2024 #KPU #Bawaslu #IndonesiaMaju https://t.co/ZeOZyMcWmn","Positif"
"Respon dan peran dari masyarakat sangat lah penting untuk pemilu 2024 #PemiluSerentak2024 #Pemilu2024SesuaiTahapan #TolakPenundaanPemilu #AntiPolitikIdentitas #TolakPolitikMasjid #Pancasila #Pemilu2024 #Pilpres2024 #Capres2024 #KPU #Bawaslu #IndonesiaMaju https://t.co/ElqtpiBPYC","Netral"
"Pemerintah sudah melakukan yang terbaik!! untuk pemilu 2024 #PemiluSerentak2024 #Pemilu2024SesuaiTahapan #TolakPenundaanPemilu #AntiPolitikIdentitas #TolakPolitikMasjid #Pancasila #Pemilu2024 #Pilpres2024 #Capres2024 #KPU #Bawaslu #IndonesiaMaju https://t.co/eqwExD3i2W","Netral"
"Ayo satukan jiwa dan raga kita untuk Indonesia sejahtera!! pemilu 2024 sukses #PemiluSerentak2024 #Pemilu2024SesuaiTahapan #TolakPenundaanPemilu #AntiPolitikIdentitas #TolakPolitikMasjid #Pancasila #Pemilu2024 #Pilpres2024 #Capres2024 #KPU #Bawaslu https://t.co/WYE2YpWlG7","Positif"
"Kesuksesan Pemilu 2024 sangatlah penting #PemiluSerentak2024 #Pemilu2024SesuaiTahapan #TolakPenundaanPemilu #AntiPolitikIdentitas #TolakPolitikMasjid #Pancasila #Pemilu2024 #Pilpres2024 #Capres2024 #KPU #Bawaslu #IndonesiaMaju https://t.co/Rc1Ji9VCcs","Netral"
"RT @dennyindrayana: https://t.co/425kqkwhwQ

????. ??????, ?????? ????????, ??? ???? ?? ? ???????

Mau tahu 'bocoran' obrolan saya dengan P…","Negatif"
"@gowang415 @Andiarief__ @aniesbaswedan Mampu atau tidak, 
AHY HARUS CAWAPRES.

https://t.co/ybLyJooxK1","Positif"
"pada hari Senin tanggal 5 Juni 2023 pukul 13.00 Wib Komandan Koramil 02/Karangmalang Kapten Inf Suwandi melaksanakan Rapat Koordinasi dengan para Muspika dan panitia Pemilu tahun 2024 di ruang kantor Kec. Karangmalang https://t.co/tgeJgiZYxt","Netral"
"Mari kita jaga Penyelenggaraan Pemilu 2024 agar berjalan aman damai. Oleh karena itu, mari kita jaga netralitas ASN sebagai tenaga pemerintah profesional.

#ASNNetral #jagapersatuan 
#SukseskanPemilu2024 https://t.co/rev2HZcfFB","Positif"
"Mari kita jaga Penyelenggaraan Pemilu 2024 agar berjalan aman damai. 
#ASNNetral, #jagapersatuan,
#SukseskanPemilu2024 https://t.co/0pNhnIiOpj","Positif"
"Direktur Eksekutif Lembaga Survei Indonesia, Djayadi Hanan, menyebutkan Pemilu 2024 berpotensi berlanjut ke putaran kedua jika Prabowo, Ganjar dan Anies maju sebagai capres.
#PrabowoUntukIndonesia #NerusKePakdhe Prabowo Subianto","Netral"
"“Ketika SRS mengajukan pertanyaan kepada responden, jika Prabowo menjadi capres pada Pemilu 2024. #PrabowoUntukIndonesia #NeruskePakdhe Prabowo Subianto","Netral"
"RT @dennyindrayana: https://t.co/425kqkwhwQ

????. ??????, ?????? ????????, ??? ???? ?? ? ???????

Berikut penjelasan lebih lengkap obrolan…","Netral"
"RT @dennyindrayana: https://t.co/425kqkwhwQ

????. ??????, ?????? ????????, ??? ???? ?? ? ???????

Mau tahu 'bocoran' obrolan saya dengan P…","Negatif"
"@jamalnst00 @Andiarief__ @aniesbaswedan Harus AHY...
Kalo tidak, ngapain DEMOKRAT gabung koalisi ???

https://t.co/ybLyJooxK1","Negatif"
"RT @ssdm_polri: Siap Pemilu 2024
#polisi #polisiindonesia #police #sdmpolri #ssdmpolri #polri #polripresisi https://t.co/CSjWNVQ0jC","Netral"
"Menurut survei Indikator, Prabowo, Ganjar, dan Anies merupakan kandidat calon presiden (capres) Pemilu 2024 dengan elektabilitas terbesar. #PrabowoUntukIndonesia #NeruskePakdhe Prabowo Subianto","Netral"
"RT @YanHarahap: Tanggapi Pembegalan ?@PDemokrat?, Mantan Ketua MK: Sebaiknya ?@jokowi? Pecat Moeldoko https://t.co/MuPoLQ6EGY","Negatif"
"RT @otnayram_me: Sejumlah warga Indonesia yang tergabung dalam Relawan Ganjar Prancis (GP) mendeklarasikan dukungan terhadap Ganjar Pranowo…","Positif"
"AHY Minta Demokat Wilayah Papua Selatan Tetap Solid Menang di Pemilu 2024.
nsp

PDemokrat
AgusYudhoyono
AHY Pimpin Perubahan
https://t.co/LJ4eMHfVu6","Positif"
"Soliditas, kekompakan dan kesiapan para kader Demokrat menuju Pemilu 2024.
`_j

PDemokrat
AgusYudhoyono
AHY Pimpin Perubahan
https://t.co/JlAMcknrEM","Positif"
"Tiga nama masih bersaing di posisi teratas dalam elektabilitas kandidat calon presiden (capres) Pemilu 2024.
#PrabowoUntukIndonesia #NeruskePakdhe Prabowo Subianto","Netral"
"RT @RadityoDharmaP: 22/

Atau, lebih parahnya, jangan-jangan ini hanya pembentukan image menjelang Pemilu 2024?

Apalagi sudah muncul naras…","Negatif"
"Calon Presiden Indonesia, Ganjar Pranowo hadir pada Rakernas PDIP yang berlangsung di Lenteng Agung pada 6 Juni 2023.

Pada Rakernas kali ini, membahas langkah untuk memenangkan Pemilu dan Pilpres yang berlangsung pada Tahun 2024 mendatang.

Semangat catatkan Hattrick Kemenangan… https://t.co/MhxkAwR9IN https://t.co/Ob5qldVjX5","Netral"
"RT @CakNur971: Jika 2024 tdk ada pemilu? Indikatornya 1. Demokrat dirampas, kader & simpatisan akn kpung istana, parlemn dan MA. 2. Anies g…","Negatif"
"Hari ini @PDemokrat resmi mendaftar ke KPU. Di pemilu 2024 jangan lupa pilih Nomor 14..
whx

PDemokrat
AgusYudhoyono
AHY Pimpin Perubahan
https://t.co/4elbfbkEK8","Netral"
"@marvellmaliki2 @Andiarief__ @aniesbaswedan BUKAN AHY...

https://t.co/ybLyJooxK1","Netral"
"RT @dennyindrayana: https://t.co/425kqkwhwQ

????. ??????, ?????? ????????, ??? ???? ?? ? ???????

Berikut penjelasan lebih lengkap obrolan…","Netral"
"@siharm @Andiarief__ @aniesbaswedan Ga punya partai MERENDAHKAN Ketua Umum Partai.
@AgusYudhoyono 
@SBYudhoyono 
@PDemokrat 

https://t.co/ybLyJooxK1","Negatif"
"Selengkapnya
https://t.co/tJvEf1DcBI

#KPUMelayani
#PemiluSerentak2024 https://t.co/1YTUyymCln","Netral"
"Adapun survei tersebut dibuat lantaran masih ada kemungkinan Anies Baswedan gagal memperoleh tiket untuk maju sebagai capres di Pemilu 2024. 
#PrabowoUntukIndonesia #NeruskePakdhe 
Prabowo Subianto","Netral"
"Lembaga survei LSI Denny JA menggelar survei simulasi jika Anies Baswedan gagal meraih tiket untuk maju sebagai calon presiden di Pemilu 2024. 
#PrabowoUntukIndonesia #NeruskePakdhe 
Prabowo Subianto","Netral"
"RT @otnayram_me: Sejumlah warga Indonesia yang tergabung dalam Relawan Ganjar Prancis (GP) mendeklarasikan dukungan terhadap Ganjar Pranowo…","Positif"
"Pasca pertemuan dengan ketum PKB, AHY: Jaga pemilu 2024 agar tanpa intervensi, intimidasi, dan kecurangan..
zoq

PDemokrat
AgusYudhoyono
AHY Pimpin Perubahan
https://t.co/5ozrTbH92X","Positif"
"Hadi Satriawan ajak generasi milenial dan generasi Z berpartisipasi sukseskan pemilu 2024. Cat 3 apa itu bro Selasa #PDIPerjuangan https://t.co/5jezCtbEw1","Positif"
"@k_FadhanurSt @Andiarief__ @aniesbaswedan AHY direndahkan pula...

https://t.co/ybLyJooxK1","Negatif"
"Hadi Satriawan ajak generasi milenial dan generasi Z berpartisipasi sukseskan pemilu 2024. Cat 3 apa itu bro Selasa #PDIPerjuangan https://t.co/knx9Z8mWGq","Positif"
"RT @dennyindrayana: https://t.co/425kqkwhwQ

????. ??????, ?????? ????????, ??? ???? ?? ? ???????

Mau tahu 'bocoran' obrolan saya dengan P…","Negatif"
"Pasca pertemuan dengan ketum PKB, AHY: Jaga pemilu 2024 agar tanpa intervensi, intimidasi, dan kecurangan..
zoq

PDemokrat
AgusYudhoyono
AHY Pimpin Perubahan
https://t.co/QhvU0tM84R","Positif"
"@SaburRahim @Andiarief__ @aniesbaswedan Wah, setelah merendahkan AHY,
kini anda menghina @SBYudhoyono 
@AgusYudhoyono
@Edhie_Baskoro

https://t.co/ybLyJooxK1","Negatif"
"Hadi Satriawan ajak generasi milenial dan generasi Z berpartisipasi sukseskan pemilu 2024. Cat 3 apa itu bro Selasa #PDIPerjuangan https://t.co/1T5qDFCOnL","Positif"
"Dia berharap kerja sama ini bisa berlanjut di Pemilu 2024. #PrabowoUntukIndonesia #NerusKePakdhe Prabowo Subianto","Positif"
"RT @Aryprasetyo85: BREAKING NEWS! Keterangan Megawati & @jokowi jelang Rakernas PDI-P Bahas Strategi Pemilu 2024

Presiden Joko Widodo bica…","Netral"
"Hadi Satriawan ajak generasi milenial dan generasi Z berpartisipasi sukseskan pemilu 2024. Cat 3 apa itu bro Selasa #PDIPerjuangan https://t.co/K2YLZQA1fI","Positif"
"RT @dennyindrayana: https://t.co/425kqkwhwQ

????. ??????, ?????? ????????, ??? ???? ?? ? ???????

Berikut penjelasan lebih lengkap obrolan…","Netral"
"Hadi Satriawan ajak generasi milenial dan generasi Z berpartisipasi sukseskan pemilu 2024. Cat 3 apa itu bro Selasa #PDIPerjuangan https://t.co/CCV9YcBGhU","Positif"
"RT @dennyindrayana: https://t.co/425kqkwhwQ

????. ??????, ?????? ????????, ??? ???? ?? ? ???????

Mau tahu 'bocoran' obrolan saya dengan P…","Negatif"
"Sejumlah warga Indonesia yang tergabung dalam Relawan Ganjar Prancis (GP) mendeklarasikan dukungan terhadap Ganjar Pranowo sebagai bakal calon presiden 2024

https://t.co/UqOSfClN5A https://t.co/N1AuVJtP4k","Positif"
"KPU kalsel ajak pemikih pemula gunakan hak suaranya di pemilu 2024.
#PemiluSerentak2024
#Pemilu2024SesuaiTahapan
#TolakPenundaanPemilu
#AntiPolitikIdentitas
#TolakPolitikMasjid
#Pancasila
#Pemilu2024
#Pilpres2024
#Capres2024
#KPU
#Bawaslu
#IndonesiaMaju https://t.co/WcSrsdnZEZ","Netral"
"@rangkutifuat @Andiarief__ @aniesbaswedan Harus AHY !!!
Kalo tidak, ngapain gabung koalisi ???
@AgusYudhoyono 
@SBYudhoyono 
@PDemokrat 
@Edhie_Baskoro 
@BennyHarmanID 

https://t.co/ybLyJooxK1","Negatif"
"Hadi Satriawan ajak generasi milenial dan generasi Z berpartisipasi sukseskan pemilu 2024. Cat 3 apa itu bro Selasa #PDIPerjuangan https://t.co/4inauVsmkW","Positif"
"Jaga kondusifitas Pemilu 2024 https://t.co/kF2Orareag","Netral"
"Jaga kondusifitas Pemilu 2024 https://t.co/T5YZtv9OkJ","Netral"
"RT @abwnews_: Pemilu 2024 Nanti Dinilai Momentum Terbaik Lakukan Perubahan untuk Indonesia

https://t.co/BJBxAtkXeh","Positif"
"Hadi Satriawan ajak generasi milenial dan generasi Z berpartisipasi sukseskan pemilu 2024. Cat 3 apa itu bro Selasa #PDIPerjuangan https://t.co/jJv9vetyMU","Positif"
"RT @dennyindrayana: https://t.co/425kqkwhwQ

????. ??????, ?????? ????????, ??? ???? ?? ? ???????

Berikut penjelasan lebih lengkap obrolan…","Netral"
"Jika berhasil merebut perhatian para pemilih muda, lanjut Kunto, terbuka peluang buat Prabowo menang mengingat jumlah pemilih muda pada Pemilu 2024 sangat besar.
#PrabowoUntukIndonesia #NeruskePakdhe Prabowo Subianto","Netral"
"Hadi Satriawan ajak generasi milenial dan generasi Z berpartisipasi sukseskan pemilu 2024. Cat 3 apa itu bro Selasa #PDIPerjuangan https://t.co/95bmLCs9OB","Positif"
"RT @dennyindrayana: https://t.co/425kqkwhwQ

????. ??????, ?????? ????????, ??? ???? ?? ? ???????

Mau tahu 'bocoran' obrolan saya dengan P…","Negatif"
"",""
"",""
"",""
"",""
"",""
"",""
"",""
"",""
"",""
"",""
"",""
"",""
"",""
"",""
"",""
"",""
"",""
"",""
"",""
"",""
"",""
"",""
"",""
"",""
"",""
"",""
"",""
"",""
"",""
"",""
"",""
"",""
"",""
"",""
"",""
"",""
"",""
"",""
"",""
"",""
"",""
"",""
"",""
"",""
"",""
"",""
"",""
"",""
"",""
"",""
"",""
"",""
"",""
"",""
"",""
"",""
"",""
"",""
"",""
"",""
"",""
"",""
"",""
"",""
"",""
"",""
"",""
"",""
"",""
"",""
"",""
"",""
"",""
"",""
"",""
"",""
"",""
"",""
"",""
"",""
"",""
"",""
"",""
"",""
"",""
"",""
"",""
"",""
"",""
"",""
"",""
"",""
"",""
"",""
"",""
"",""
"",""
"",""
"",""
"",""
"",""
"",""
"",""
"",""
"",""
"",""
"",""
"",""
"",""
"",""
"",""
"",""
"",""
"",""
"",""
"",""
"",""
"",""
"",""
"",""
"",""
"",""
"",""
"",""
"",""
"",""
"",""
"",""
"",""
"",""
"",""
"",""
"",""
"",""
"",""
"",""
"",""
"",""
"",""
"",""
"",""
"",""
"",""
"",""
"",""
"",""
"",""
"",""
"",""
"",""
"",""
"",""
"",""
"",""
"",""
"",""
"",""
"",""
"",""
"",""
"",""
"",""
"",""
"",""
"",""
"",""
"",""
"",""
"",""
"",""
"",""
"",""
"",""
"",""
"",""
"",""
"",""
"",""
"",""
"",""
"",""
"",""
"",""
"",""
"",""
"",""
"",""
"",""
"",""
"",""
"",""
"",""
"",""
"",""
"",""
"",""
"",""
"",""
"",""
"",""
"",""
"",""
"",""
"",""
"",""
"",""
"",""
"",""
"",""
"",""
"",""
"",""
"",""
"",""
"",""
"",""
"",""
"",""
"",""
"",""
"",""
"",""
"",""
"",""
"",""
"",""
"",""
"",""
"",""
"",""
"",""
"",""
"",""
"",""
"",""
"",""
"",""
"",""
"",""
"",""
"",""
"",""
"",""
"",""
"",""
"",""
"",""
"",""
"",""
"",""
"",""
"",""
"",""
"",""
"",""
"",""
"",""
"",""
"",""
"",""
"",""
"",""
"",""
"",""
"",""
"",""
"",""
"",""
"",""
"",""
"",""
"",""
"",""
"",""
"",""
"",""
"",""
"",""
"",""
"",""
"",""
"",""
"",""
"",""
"",""
"",""
"",""
"",""
"",""
"",""
"",""
"",""
"",""
"",""
"",""
"",""
"",""
"",""
"",""
"",""
"",""
"",""
"",""
"",""
"",""
"",""
"",""
"",""
"",""
"",""
"",""
"",""
"",""
"",""
"",""
"",""
"",""
"",""
"",""
"",""
"",""
"",""
"",""
"",""
"",""
"",""
"",""
"",""
"",""
"",""
"",""
"",""
"",""
"",""
"",""
"",""
"",""
"",""
"",""
"",""
"",""
"",""
"",""
"",""
"",""
"",""
"",""
"",""
"",""
"",""
"",""
"",""
"",""
"",""
"",""
"",""
"",""
"",""
"",""
"",""
"",""
"",""
"",""
"",""
"",""
"",""
"",""
"",""
"",""
"",""
"",""
"",""
"",""
"",""
"",""
"",""
"",""
"",""
"",""
"",""
"",""
"",""
"",""
"",""
"",""
"",""
"",""
"",""
"",""
"",""
"",""
"",""
"",""
"",""
"",""
"",""
"",""
"",""
"",""
"",""
"",""
"",""
"",""
"",""
"",""
"",""
"",""
"",""
"",""
"",""
"",""
"",""
"",""
"",""
"",""
"",""
"",""
"",""
"",""
"",""
"",""
"",""
"",""
"",""
"",""
"",""
"",""
"",""
"",""
"",""
"",""
"",""
"",""
"",""
"",""
"",""
"",""
"",""
"",""
"",""
"",""
"",""
"",""
"",""
"",""
"",""
"",""
"",""
"",""
"",""
"",""
"",""
"",""
"",""
"",""
"",""
"",""
"",""
"",""
"",""
"",""
"",""
"",""
"",""
"",""
"",""
"",""
"",""
"",""
"",""
"",""
"",""
"",""
"",""
"",""
"",""
"",""
"",""
"",""
"",""
"",""
"",""
"",""
"",""
"",""
"",""
"",""
"",""
"",""
"",""
"",""
"",""
"",""
"",""
"",""
"",""
"",""
"",""
"",""
"",""
"",""
"",""
"",""
"",""
"",""
"",""
"",""
"",""
"",""
"",""
"",""
"",""
"",""
"",""
"",""
"",""
"",""
"",""
"",""
"",""
"",""
"",""
"",""
"",""
"",""
"",""
"",""
"",""
"",""
"",""
"",""
"",""
"",""
"",""
"",""
"",""
"",""
"",""
"",""
"",""
"",""
"",""
"",""
"",""
"",""
"",""
"",""
"",""
"",""
"",""
"",""
"",""
"",""
"",""
"",""
"",""
"",""
"",""
"",""
"",""
"",""
"",""
"",""
"",""
"",""
"",""
"",""
"",""
"",""
"",""
"",""
"",""
"",""
"",""
"",""
"",""
"",""
"",""
"",""
"",""
"",""
"",""
"",""
"",""
"",""
"",""
"",""
"",""
"",""
"",""
"",""
"",""
"",""
"",""
"",""
"",""
"",""
"",""
"",""
"",""
"",""
"",""
"",""
"",""
"",""
"",""
"",""
"",""
"",""
"",""
"",""
"",""
"",""
"",""
"",""
"",""
"",""
"",""
"",""
"",""
"",""
"",""
"",""
"",""
"",""
"",""
"",""
"",""
"",""
"",""
"",""
"",""
"",""
"",""
"",""
"",""
"",""
"",""
"",""
"",""
"",""
"",""
"",""
"",""
"",""
"",""
"",""
"",""
"",""
"",""
"",""
"",""
"",""
"",""
"",""
"",""
"",""
"",""
"",""
